fips;unemp
1001;53
1003;54
1005;86
1007;66
1009;55
1011;72
1013;71
1015;67
1017;55
1019;52
1021;56
1023;89
1025;111
1027;62
1029;61
1031;61
1033;70
1035;86
1037;61
1039;70
1041;60
1043;51
1045;59
1047;94
1049;62
1051;49
1053;67
1055;60
1057;70
1059;61
1061;59
1063;101
1065;78
1067;66
1069;59
1071;64
1073;59
1075;57
1077;64
1079;70
1081;53
1083;53
1085;108
1087;77
1089;52
1091;74
1093;67
1095;55
1097;69
1099;94
1101;59
1103;56
1105;106
1107;69
1109;64
1111;57
1113;56
1115;53
1117;44
1119;78
1121;68
1123;56
1125;58
1127;76
1129;87
1131;147
1133;73
2013;27
2016;33
2020;53
2050;141
2060;69
2068;86
2070;97
2090;57
2100;98
2105;115
2110;44
2122;82
2130;62
2150;50
2158;213
2164;123
2170;81
2180;125
2185;65
2188;157
2195;86
2198;117
2220;43
2230;106
2240;102
2261;82
2275;73
2282;81
2290;172
4001;113
4003;61
4005;59
4007;72
4009;67
4011;76
4012;60
4013;45
4015;66
4017;81
4019;49
4021;55
4023;99
4025;49
4027;186
5001;35
5003;63
5005;43
5007;29
5009;37
5011;52
5013;47
5015;36
5017;66
5019;45
5021;57
5023;60
5025;46
5027;58
5029;58
5031;33
5033;39
5035;46
5037;45
5039;50
5041;55
5043;58
5045;38
5047;41
5049;44
5051;43
5053;36
5055;43
5057;38
5059;40
5061;33
5063;50
5065;56
5067;62
5069;56
5071;48
5073;59
5075;44
5077;48
5079;49
5081;47
5083;46
5085;34
5087;32
5089;40
5091;42
5093;68
5095;49
5097;53
5099;37
5101;39
5103;51
5105;48
5107;59
5109;43
5111;43
5113;49
5115;46
5117;39
5119;36
5121;47
5123;52
5125;32
5127;38
5129;45
5131;37
5133;50
5135;55
5137;52
5139;55
5141;70
5143;27
5145;52
5147;55
5149;45
6001;42
6003;65
6005;59
6007;65
6009;56
6011;155
6013;44
6015;75
6017;51
6019;94
6021;82
6023;49
6025;235
6027;52
6029;103
6031;100
6033;66
6035;69
6037;52
6039;92
6041;32
6043;69
6045;52
6047;105
6049;78
6051;53
6053;76
6055;43
6057;47
6059;40
6061;44
6063;96
6065;61
6067;54
6069;68
6071;57
6073;47
6075;33
6077;81
6079;43
6081;30
6083;50
6085;38
6087;69
6089;69
6091;76
6093;85
6095;55
6097;40
6099;85
6101;96
6103;71
6105;71
6107;110
6109;62
6111;52
6113;58
6115;85
8001;36
8003;41
8005;31
8007;33
8009;17
8011;31
8013;27
8014;29
8015;27
8017;23
8019;32
8021;49
8023;49
8025;36
8027;32
8029;50
8031;31
8033;40
8035;27
8037;28
8039;27
8041;38
8043;53
8045;36
8047;24
8049;27
8051;23
8053;23
8055;64
8057;27
8059;30
8061;21
8063;21
8065;29
8067;29
8069;28
8071;52
8073;26
8075;30
8077;54
8079;22
8081;40
8083;50
8085;42
8087;35
8089;48
8091;38
8093;28
8095;20
8097;34
8099;33
8101;49
8103;51
8105;51
8107;27
8109;49
8111;38
8113;33
8115;24
8117;21
8119;38
8121;22
8123;34
8125;22
9001;48
9003;53
9005;46
9007;44
9009;55
9011;50
9013;44
9015;55
10001;47
10003;43
10005;44
11001;60
12001;43
12003;49
12005;49
12007;43
12009;52
12011;46
12013;57
12015;53
12017;68
12019;45
12021;48
12023;48
12027;52
12029;55
12031;50
12033;49
12035;55
12037;43
12039;63
12041;51
12043;62
12045;45
12047;56
12049;67
12051;91
12053;61
12055;66
12057;45
12059;54
12061;62
12063;53
12065;53
12067;41
12069;49
12071;46
12073;46
12075;52
12077;53
12079;53
12081;46
12083;58
12085;49
12086;54
12087;32
12089;46
12091;40
12093;54
12095;44
12097;50
12099;48
12101;52
12103;44
12105;56
12107;63
12109;37
12111;57
12113;45
12115;46
12117;43
12119;70
12121;49
12123;55
12125;44
12127;51
12129;41
12131;43
12133;52
13001;64
13003;52
13005;53
13007;77
13009;68
13011;49
13013;47
13015;51
13017;81
13019;62
13021;60
13023;72
13025;67
13027;52
13029;49
13031;57
13033;76
13035;56
13037;58
13039;57
13043;49
13045;60
13047;48
13049;58
13051;52
13053;84
13055;62
13057;42
13059;56
13061;105
13063;66
13065;62
13067;46
13069;59
13071;53
13073;47
13075;54
13077;50
13079;59
13081;61
13083;51
13085;47
13087;67
13089;54
13091;74
13093;58
13095;69
13097;55
13099;70
13101;43
13103;49
13105;65
13107;78
13109;50
13111;53
13113;47
13115;60
13117;42
13119;53
13121;54
13123;56
13125;61
13127;53
13129;57
13131;55
13133;58
13135;47
13137;53
13139;45
13141;84
13143;58
13145;50
13147;55
13149;59
13151;55
13153;54
13155;77
13157;42
13159;48
13161;63
13163;75
13165;76
13167;62
13169;49
13171;65
13173;57
13175;67
13177;48
13179;58
13181;59
13183;55
13185;52
13187;49
13189;72
13191;58
13193;83
13195;50
13197;74
13199;68
13201;55
13205;66
13207;52
13209;76
13211;50
13213;69
13215;69
13217;60
13219;41
13221;49
13223;46
13225;69
13227;49
13229;54
13231;52
13233;61
13235;59
13237;70
13239;74
13241;59
13243;85
13245;67
13247;57
13249;64
13251;76
13253;79
13255;68
13257;59
13259;66
13261;77
13263;67
13265;65
13267;54
13269;72
13271;86
13273;66
13275;64
13277;55
13279;78
13281;67
13283;78
13285;51
13287;66
13289;87
13291;47
13293;65
13295;56
13297;49
13299;55
13301;70
13303;64
13305;67
13307;88
13309;91
13311;46
13313;59
13315;70
13317;63
13319;63
13321;59
15001;38
15003;28
15007;33
15009;32
16001;33
16003;71
16005;35
16007;46
16009;62
16011;36
16013;32
16015;55
16017;55
16019;32
16021;53
16023;41
16025;38
16027;44
16029;37
16031;30
16033;35
16035;75
16037;52
16039;42
16041;31
16043;34
16045;47
16047;31
16049;57
16051;31
16053;31
16055;48
16057;33
16059;63
16061;65
16063;45
16065;25
16067;33
16069;34
16071;37
16073;45
16075;47
16077;42
16079;73
16081;32
16083;34
16085;56
16087;57
17001;48
17003;92
17005;51
17007;63
17009;34
17011;61
17013;63
17015;57
17017;56
17019;51
17021;63
17023;59
17025;68
17027;45
17029;59
17031;62
17033;62
17035;52
17037;54
17039;57
17041;47
17043;48
17045;60
17047;58
17049;47
17051;67
17053;55
17055;81
17057;74
17059;76
17061;59
17063;68
17065;63
17067;66
17069;98
17071;62
17073;61
17075;55
17077;54
17079;63
17081;65
17083;58
17085;54
17087;86
17089;55
17091;64
17093;52
17095;61
17097;52
17099;67
17101;75
17103;51
17105;55
17107;53
17109;63
17111;53
17113;51
17115;66
17117;60
17119;59
17121;64
17123;66
17125;71
17127;70
17129;46
17131;62
17133;41
17135;71
17137;49
17139;46
17141;59
17143;68
17145;71
17147;50
17149;51
17151;70
17153;88
17155;56
17157;50
17159;60
17161;63
17163;61
17165;86
17167;49
17169;58
17171;56
17173;58
17175;72
17177;58
17179;63
17181;74
17183;72
17185;64
17187;53
17189;38
17191;86
17193;66
17195;58
17197;61
17199;62
17201;66
17203;54
18001;36
18003;43
18005;34
18007;42
18009;54
18011;34
18013;40
18015;42
18017;47
18019;41
18021;47
18023;39
18025;56
18027;36
18029;47
18031;36
18033;39
18035;52
18037;31
18039;35
18041;58
18043;41
18045;58
18047;43
18049;47
18051;37
18053;50
18055;66
18057;32
18059;38
18061;42
18063;35
18065;46
18067;47
18069;41
18071;37
18073;53
18075;46
18077;47
18079;48
18081;36
18083;44
18085;37
18087;34
18089;63
18091;59
18093;57
18095;50
18097;44
18099;38
18101;42
18103;47
18105;46
18107;39
18109;42
18111;56
18113;41
18115;49
18117;51
18119;55
18121;53
18123;46
18125;44
18127;51
18129;40
18131;46
18133;45
18135;45
18137;46
18139;38
18141;45
18143;48
18145;40
18147;41
18149;54
18151;37
18153;59
18155;49
18157;40
18159;39
18161;40
18163;41
18165;66
18167;54
18169;43
18171;49
18173;41
18175;45
18177;48
18179;36
18181;40
18183;39
19001;30
19003;27
19005;50
19007;48
19009;33
19011;36
19013;47
19015;28
19017;37
19019;42
19021;36
19023;44
19025;39
19027;26
19029;33
19031;34
19033;37
19035;37
19037;45
19039;34
19041;39
19043;43
19045;50
19047;56
19049;27
19051;43
19053;33
19055;35
19057;50
19059;44
19061;36
19063;43
19065;45
19067;37
19069;35
19071;33
19073;32
19075;35
19077;36
19079;38
19081;27
19083;40
19085;34
19087;36
19089;37
19091;29
19093;26
19095;31
19097;42
19099;36
19101;37
19103;26
19105;43
19107;44
19109;27
19111;62
19113;37
19115;40
19117;32
19119;21
19121;36
19123;38
19125;31
19127;49
19129;37
19131;27
19133;42
19135;47
19137;36
19139;39
19141;28
19143;27
19145;51
19147;32
19149;26
19151;29
19153;35
19155;34
19157;35
19159;35
19161;31
19163;46
19165;30
19167;23
19169;24
19171;42
19173;30
19175;38
19177;37
19179;59
19181;32
19183;30
19185;39
19187;40
19189;35
19191;36
19193;36
19195;35
19197;42
20001;59
20003;45
20005;64
20007;41
20009;47
20011;51
20013;39
20015;43
20017;37
20019;55
20021;46
20023;29
20025;29
20027;45
20029;45
20031;63
20033;34
20035;46
20037;50
20039;42
20041;46
20043;41
20045;36
20047;31
20049;53
20051;32
20053;42
20055;32
20057;33
20059;43
20061;58
20063;26
20065;50
20067;38
20069;23
20071;23
20073;52
20075;27
20077;39
20079;44
20081;27
20083;29
20085;36
20087;41
20089;47
20091;33
20093;33
20095;47
20097;29
20099;57
20101;34
20103;44
20105;38
20107;67
20109;28
20111;42
20113;33
20115;43
20117;32
20119;29
20121;43
20123;36
20125;64
20127;41
20129;41
20131;28
20133;75
20135;38
20137;26
20139;46
20141;37
20143;40
20145;36
20147;32
20149;35
20151;43
20153;26
20155;46
20157;29
20159;42
20161;33
20163;52
20165;42
20167;45
20169;38
20171;26
20173;48
20175;46
20177;41
20179;26
20181;35
20183;35
20185;41
20187;31
20189;44
20191;44
20193;29
20195;42
20197;38
20199;29
20201;35
20203;25
20205;64
20207;62
20209;57
21001;66
21003;42
21005;40
21007;86
21009;46
21011;72
21013;90
21015;38
21017;47
21019;81
21021;49
21023;60
21025;94
21027;60
21029;41
21031;53
21033;53
21035;45
21037;38
21039;59
21041;50
21043;102
21045;46
21047;60
21049;47
21051;96
21053;73
21055;50
21057;55
21059;45
21061;61
21063;109
21065;57
21067;35
21069;59
21071;109
21073;40
21075;68
21077;48
21079;47
21081;49
21083;60
21085;64
21087;44
21089;86
21091;54
21093;44
21095;121
21097;46
21099;46
21101;47
21103;41
21105;56
21107;55
21109;75
21111;44
21113;38
21115;96
21117;41
21119;112
21121;79
21123;45
21125;61
21127;104
21129;92
21131;130
21133;119
21135;92
21137;60
21139;70
21141;42
21143;56
21145;57
21147;77
21149;48
21151;41
21153;188
21155;41
21157;56
21159;101
21161;61
21163;50
21165;84
21167;47
21169;45
21171;40
21173;63
21175;78
21177;70
21179;45
21181;54
21183;65
21185;34
21187;41
21189;94
21191;48
21193;105
21195;108
21197;70
21199;53
21201;59
21203;59
21205;55
21207;83
21209;37
21211;35
21213;44
21215;38
21217;51
21219;42
21221;56
21223;53
21225;67
21227;39
21229;41
21231;73
21233;59
21235;65
21237;97
21239;32
22001;74
22003;64
22005;49
22007;85
22009;71
22011;60
22013;77
22015;54
22017;66
22019;48
22021;76
22023;44
22025;93
22027;67
22029;83
22031;74
22033;51
22035;117
22037;57
22039;74
22041;91
22043;70
22045;94
22047;68
22049;57
22051;53
22053;60
22055;62
22057;63
22059;66
22061;65
22063;51
22065;90
22067;98
22069;70
22071;59
22073;61
22075;53
22077;65
22079;61
22081;61
22083;74
22085;69
22087;61
22089;53
22091;76
22093;75
22095;68
22097;81
22099;78
22101;94
22103;50
22105;67
22107;99
22109;70
22111;65
22113;77
22115;73
22117;70
22119;86
22121;53
22123;119
22125;51
22127;78
23001;36
23003;57
23005;29
23007;44
23009;47
23011;36
23013;36
23015;38
23017;48
23019;44
23021;54
23023;30
23025;58
23027;42
23029;62
23031;34
24001;61
24003;37
24005;45
24009;38
24011;47
24013;35
24015;51
24017;42
24019;60
24021;37
24023;55
24025;41
24027;32
24029;47
24031;33
24033;44
24035;38
24037;41
24039;70
24041;41
24043;49
24045;60
24047;90
24510;63
25001;47
25003;43
25005;47
25007;50
25009;38
25011;33
25013;50
25015;33
25017;30
25019;42
25021;32
25023;39
25025;34
25027;39
26001;74
26003;80
26005;37
26007;57
26009;68
26011;81
26013;79
26015;38
26017;52
26019;64
26021;48
26023;46
26025;46
26027;46
26029;53
26031;90
26033;74
26035;72
26037;36
26039;74
26041;63
26043;52
26045;40
26047;62
26049;54
26051;68
26053;65
26055;41
26057;50
26059;49
26061;59
26063;50
26065;41
26067;41
26069;71
26071;65
26073;45
26075;47
26077;39
26079;69
26081;34
26083;84
26085;73
26087;65
26089;47
26091;45
26093;42
26095;65
26097;94
26099;53
26101;63
26103;56
26105;56
26107;54
26109;56
26111;45
26113;57
26115;43
26117;50
26119;97
26121;52
26123;47
26125;42
26127;71
26129;75
26131;83
26133;55
26135;72
26137;57
26139;32
26141;92
26143;81
26145;51
26147;62
26149;40
26151;60
26153;91
26155;51
26157;61
26159;55
26161;34
26163;64
26165;56
27001;70
27003;38
27005;47
27007;53
27009;45
27011;49
27013;32
27015;41
27017;54
27019;33
27021;67
27023;45
27025;44
27027;35
27029;96
27031;46
27033;73
27035;51
27037;34
27039;38
27041;35
27043;44
27045;41
27047;39
27049;38
27051;47
27053;34
27055;40
27057;65
27059;47
27061;87
27063;45
27065;66
27067;38
27069;47
27071;85
27073;43
27075;65
27077;47
27079;49
27081;36
27083;36
27085;45
27087;57
27089;74
27091;42
27093;45
27095;60
27097;57
27099;32
27101;48
27103;28
27105;38
27107;49
27109;30
27111;44
27113;58
27115;59
27117;39
27119;44
27121;36
27123;36
27125;72
27127;41
27129;53
27131;35
27133;23
27135;51
27137;58
27139;33
27141;41
27143;43
27145;38
27147;36
27149;30
27151;53
27153;47
27155;37
27157;37
27159;60
27161;43
27163;34
27165;50
27167;33
27169;36
27171;39
27173;39
28001;83
28003;52
28005;74
28007;67
28009;67
28011;73
28013;54
28015;75
28017;66
28019;57
28021;114
28023;68
28025;81
28027;88
28029;65
28031;55
28033;42
28035;57
28037;72
28039;74
28041;73
28043;52
28045;61
28047;55
28049;54
28051;110
28053;114
28055;143
28057;50
28059;65
28061;77
28063;149
28065;83
28067;61
28069;87
28071;48
28073;45
28075;59
28077;71
28079;61
28081;48
28083;93
28085;57
28087;62
28089;43
28091;66
28093;60
28095;63
28097;64
28099;58
28101;60
28103;83
28105;55
28107;74
28109;60
28111;71
28113;68
28115;48
28117;55
28119;97
28121;40
28123;46
28125;89
28127;54
28129;53
28131;67
28133;95
28135;68
28137;58
28139;55
28141;55
28143;71
28145;44
28147;77
28149;64
28151;90
28153;73
28155;63
28157;102
28159;71
28161;62
28163;74
29001;57
29003;38
29005;46
29007;42
29009;45
29011;52
29013;53
29015;61
29017;51
29019;32
29021;41
29023;57
29025;46
29027;41
29029;57
29031;43
29033;54
29035;70
29037;41
29039;50
29041;43
29043;39
29045;73
29047;39
29049;42
29051;36
29053;49
29055;53
29057;44
29059;55
29061;38
29063;44
29065;54
29067;61
29069;82
29071;44
29073;43
29075;37
29077;38
29079;46
29081;42
29083;50
29085;56
29087;33
29089;44
29091;63
29093;71
29095;51
29097;41
29099;43
29101;49
29103;35
29105;55
29107;43
29109;43
29111;45
29113;45
29115;68
29117;39
29119;43
29121;48
29123;55
29125;50
29127;43
29129;46
29131;52
29133;66
29135;43
29137;48
29139;46
29141;58
29143;93
29145;43
29147;46
29149;61
29151;34
29153;73
29155;89
29157;35
29159;49
29161;47
29163;45
29165;36
29167;48
29169;54
29171;45
29173;40
29175;52
29177;49
29179;65
29181;70
29183;35
29185;63
29186;46
29187;55
29189;42
29195;47
29197;63
29199;41
29201;57
29203;74
29205;41
29207;64
29209;70
29211;58
29213;74
29215;62
29217;48
29219;42
29221;63
29223;54
29225;49
29227;30
29229;59
29510;54
30001;33
30003;72
30005;46
30007;49
30009;39
30011;29
30013;40
30015;38
30017;35
30019;26
30021;39
30023;38
30025;36
30027;39
30029;56
30031;28
30033;28
30035;86
30037;44
30039;59
30041;43
30043;46
30045;34
30047;47
30049;33
30051;31
30053;90
30055;20
30057;38
30059;40
30061;76
30063;37
30065;51
30067;43
30069;48
30071;53
30073;42
30075;23
30077;50
30079;34
30081;48
30083;50
30085;53
30087;55
30089;78
30091;33
30093;43
30095;40
30097;31
30099;37
30101;35
30103;45
30105;34
30107;51
30109;38
30111;36
31001;33
31003;27
31005;62
31007;38
31009;45
31011;28
31013;38
31015;32
31017;39
31019;26
31021;38
31023;33
31025;35
31027;27
31029;22
31031;24
31033;30
31035;33
31037;30
31039;30
31041;25
31043;43
31045;31
31047;31
31049;28
31051;35
31053;32
31055;35
31057;23
31059;29
31061;31
31063;30
31065;29
31067;35
31069;34
31071;28
31073;27
31075;24
31077;33
31079;38
31081;29
31083;26
31085;25
31087;38
31089;26
31091;38
31093;35
31095;25
31097;33
31099;25
31101;31
31103;21
31105;43
31107;32
31109;29
31111;32
31113;29
31115;36
31117;24
31119;29
31121;38
31123;34
31125;28
31127;38
31129;31
31131;35
31133;24
31135;23
31137;26
31139;28
31141;37
31143;28
31145;30
31147;34
31149;27
31151;32
31153;30
31155;32
31157;36
31159;30
31161;30
31163;33
31165;28
31167;27
31169;26
31171;34
31173;50
31175;30
31177;33
31179;28
31181;33
31183;23
31185;28
32001;54
32003;58
32005;56
32007;45
32009;45
32011;46
32013;54
32015;62
32017;51
32019;74
32021;66
32023;73
32027;59
32029;63
32031;50
32033;46
32510;61
33001;28
33003;30
33005;27
33007;39
33009;24
33011;30
33013;25
33015;30
33017;25
33019;24
34001;74
34003;42
34005;44
34007;55
34009;98
34011;75
34013;60
34015;51
34017;47
34019;38
34021;43
34023;44
34025;44
34027;39
34029;52
34031;61
34033;63
34035;41
34037;47
34039;52
34041;46
35001;58
35003;82
35005;68
35006;83
35007;61
35009;51
35011;49
35013;72
35015;66
35017;66
35019;65
35021;72
35023;57
35025;95
35027;60
35028;42
35029;147
35031;95
35033;88
35035;60
35037;69
35039;75
35041;57
35043;67
35045;89
35047;77
35049;54
35051;85
35053;75
35055;85
35057;91
35059;41
35061;72
36001;40
36003;62
36005;71
36007;54
36009;59
36011;50
36013;58
36015;57
36017;50
36019;53
36021;37
36023;57
36025;55
36027;42
36029;49
36031;53
36033;56
36035;57
36037;46
36039;50
36041;65
36043;55
36045;62
36047;53
36049;67
36051;49
36053;52
36055;47
36057;57
36059;39
36061;45
36063;58
36065;48
36067;45
36069;43
36071;43
36073;57
36075;64
36077;49
36079;40
36081;45
36083;43
36085;52
36087;42
36089;66
36091;38
36093;43
36095;54
36097;60
36099;47
36101;58
36103;43
36105;48
36107;51
36109;41
36111;44
36113;52
36115;46
36117;49
36119;42
36121;53
36123;44
37001;47
37003;43
37005;56
37007;58
37009;48
37011;50
37013;57
37015;67
37017;69
37019;63
37021;38
37023;49
37025;45
37027;52
37029;52
37031;52
37033;54
37035;47
37037;42
37039;56
37041;64
37043;54
37045;55
37047;64
37049;53
37051;63
37053;52
37055;67
37057;48
37059;45
37061;54
37063;45
37065;86
37067;49
37069;51
37071;53
37073;52
37075;88
37077;43
37079;52
37081;52
37083;80
37085;57
37087;46
37089;42
37091;65
37093;65
37095;94
37097;48
37099;54
37101;46
37103;53
37105;59
37107;59
37109;46
37111;48
37113;54
37115;49
37117;67
37119;47
37121;61
37123;52
37125;50
37127;66
37129;47
37131;73
37133;55
37135;43
37137;53
37139;63
37141;53
37143;64
37145;55
37147;55
37149;47
37151;49
37153;70
37155;79
37157;56
37159;55
37161;67
37163;54
37165;92
37167;46
37169;48
37171;48
37173;61
37175;49
37177;84
37179;43
37181;72
37183;42
37185;73
37187;74
37189;45
37191;58
37193;48
37195;81
37197;44
37199;52
38001;27
38003;33
38005;41
38007;32
38009;48
38011;22
38013;49
38015;26
38017;23
38019;27
38021;20
38023;27
38025;31
38027;45
38029;45
38031;31
38033;28
38035;24
38037;32
38039;30
38041;31
38043;39
38045;25
38047;35
38049;51
38051;32
38053;38
38055;36
38057;46
38059;33
38061;31
38063;35
38065;54
38067;51
38069;41
38071;29
38073;23
38075;41
38077;28
38079;110
38081;20
38083;58
38085;44
38087;25
38089;40
38091;22
38093;25
38095;23
38097;29
38099;39
38101;42
38103;40
38105;44
39001;75
39003;50
39005;50
39007;60
39009;62
39011;37
39013;74
39015;57
39017;44
39019;68
39021;45
39023;52
39025;44
39027;58
39029;66
39031;70
39033;60
39035;54
39037;41
39039;48
39041;35
39043;55
39045;42
39047;44
39049;40
39051;46
39053;67
39055;44
39057;43
39059;70
39061;43
39063;36
39065;50
39067;75
39069;53
39071;63
39073;54
39075;35
39077;65
39079;78
39081;83
39083;45
39085;48
39087;64
39089;43
39091;42
39093;59
39095;51
39097;38
39099;63
39101;50
39103;43
39105;83
39107;32
39109;43
39111;111
39113;48
39115;81
39117;49
39119;60
39121;86
39123;64
39125;46
39127;62
39129;47
39131;74
39133;50
39135;47
39137;36
39139;55
39141;55
39143;47
39145;76
39147;48
39149;41
39151;54
39153;50
39155;67
39157;57
39159;38
39161;40
39163;70
39165;41
39167;69
39169;39
39171;44
39173;41
39175;37
40001;60
40003;34
40005;67
40007;32
40009;75
40011;38
40013;44
40015;54
40017;40
40019;52
40021;56
40023;78
40025;25
40027;39
40029;75
40031;47
40033;49
40035;49
40037;59
40039;47
40041;50
40043;41
40045;39
40047;43
40049;54
40051;50
40053;33
40055;75
40057;39
40059;39
40061;84
40063;75
40065;45
40067;72
40069;59
40071;64
40073;34
40075;54
40077;88
40079;70
40081;53
40083;41
40085;32
40087;42
40089;72
40091;90
40093;42
40095;51
40097;52
40099;45
40101;55
40103;37
40105;62
40107;62
40109;43
40111;72
40113;58
40115;51
40117;67
40119;38
40121;63
40123;41
40125;47
40127;76
40129;52
40131;51
40133;71
40135;63
40137;97
40139;35
40141;45
40143;47
40145;48
40147;49
40149;72
40151;33
40153;63
41001;64
41003;39
41005;44
41007;48
41009;62
41011;65
41013;70
41015;69
41017;49
41019;64
41021;59
41023;78
41025;63
41027;42
41029;58
41031;67
41033;66
41035;69
41037;64
41039;51
41041;57
41043;58
41045;56
41047;51
41049;50
41051;43
41053;51
41055;46
41057;50
41059;54
41061;59
41063;67
41065;49
41067;42
41069;43
41071;47
42001;40
42003;52
42005;76
42007;63
42009;59
42011;50
42013;53
42015;66
42017;46
42019;51
42021;69
42023;75
42025;60
42027;42
42029;39
42031;64
42033;74
42035;71
42037;56
42039;60
42041;41
42043;48
42045;49
42047;56
42049;66
42051;82
42053;80
42055;52
42057;64
42059;78
42061;71
42063;73
42065;69
42067;54
42069;57
42071;42
42073;68
42075;45
42077;54
42079;64
42081;67
42083;67
42085;60
42087;58
42089;63
42091;42
42093;43
42095;52
42097;63
42099;47
42101;68
42103;64
42105;79
42107;62
42109;47
42111;73
42113;72
42115;57
42117;72
42119;48
42121;73
42123;55
42125;62
42127;59
42129;59
42131;62
42133;47
44001;46
44003;48
44005;47
44007;57
44009;48
45001;53
45003;48
45005;85
45007;44
45009;90
45011;70
45013;46
45015;44
45017;60
45019;39
45021;57
45023;69
45025;48
45027;63
45029;54
45031;60
45033;66
45035;44
45037;55
45039;70
45041;51
45043;65
45045;41
45047;50
45049;57
45051;56
45053;42
45055;51
45057;52
45059;50
45061;69
45063;40
45065;55
45067;84
45069;82
45071;44
45073;50
45075;86
45077;48
45079;47
45081;44
45083;46
45085;57
45087;60
45089;75
45091;45
46003;21
46005;25
46007;37
46009;26
46011;26
46013;25
46015;24
46017;79
46019;32
46021;28
46023;30
46025;37
46027;28
46029;29
46031;42
46033;38
46035;23
46037;41
46039;46
46041;85
46043;24
46045;22
46047;42
46049;25
46051;31
46053;29
46055;23
46057;32
46059;20
46061;32
46063;27
46065;22
46067;24
46069;25
46071;39
46073;22
46075;23
46077;25
46079;32
46081;31
46083;20
46085;45
46087;23
46089;33
46091;36
46093;30
46095;39
46097;25
46099;24
46101;34
46102;100
46103;29
46105;28
46107;26
46109;39
46111;28
46115;29
46117;22
46119;22
46121;61
46123;21
46125;27
46127;29
46129;48
46135;24
46137;42
47001;50
47003;51
47005;73
47007;71
47009;45
47011;45
47013;70
47015;47
47017;68
47019;57
47021;40
47023;51
47025;63
47027;67
47029;65
47031;48
47033;53
47035;60
47037;36
47039;70
47041;57
47043;44
47045;63
47047;52
47049;63
47051;50
47053;60
47055;41
47057;55
47059;55
47061;67
47063;52
47065;47
47067;80
47069;63
47071;61
47073;55
47075;66
47077;70
47079;59
47081;46
47083;77
47085;61
47087;72
47089;54
47091;49
47093;41
47095;79
47097;78
47099;58
47101;61
47103;42
47105;48
47107;55
47109;71
47111;44
47113;50
47115;64
47117;46
47119;41
47121;69
47123;54
47125;52
47127;39
47129;66
47131;72
47133;55
47135;65
47137;67
47139;58
47141;50
47143;74
47145;56
47147;42
47149;38
47151;76
47153;59
47155;50
47157;55
47159;46
47161;70
47163;53
47165;39
47167;58
47169;49
47171;72
47173;58
47175;63
47177;49
47179;49
47181;67
47183;61
47185;51
47187;35
47189;39
48001;43
48003;48
48005;60
48007;57
48009;44
48011;28
48013;53
48015;53
48017;44
48019;41
48021;37
48023;36
48025;77
48027;44
48029;37
48031;31
48033;36
48035;43
48037;47
48039;52
48041;34
48043;38
48045;44
48047;119
48049;44
48051;47
48053;35
48055;43
48057;56
48059;43
48061;72
48063;68
48065;34
48067;73
48069;31
48071;61
48073;52
48075;31
48077;45
48079;56
48081;41
48083;59
48085;35
48087;35
48089;48
48091;36
48093;43
48095;36
48097;40
48099;45
48101;54
48103;85
48105;76
48107;44
48109;38
48111;23
48113;40
48115;51
48117;31
48119;40
48121;34
48123;56
48125;51
48127;72
48129;43
48131;111
48133;55
48135;64
48137;49
48139;38
48141;49
48143;41
48145;45
48147;38
48149;37
48151;44
48153;52
48155;39
48157;50
48159;50
48161;69
48163;50
48165;37
48167;53
48169;39
48171;28
48173;38
48175;58
48177;43
48179;70
48181;38
48183;61
48185;67
48187;36
48189;57
48191;71
48193;49
48195;31
48197;39
48199;61
48201;53
48203;61
48205;22
48207;44
48209;33
48211;38
48213;47
48215;78
48217;45
48219;47
48221;47
48223;40
48225;45
48227;56
48229;67
48231;43
48233;56
48235;32
48237;49
48239;48
48241;78
48243;29
48245;70
48247;96
48249;107
48251;43
48253;59
48255;49
48257;38
48259;32
48261;52
48263;30
48265;36
48267;39
48269;40
48271;60
48273;69
48275;44
48277;46
48279;66
48281;41
48283;52
48285;43
48287;38
48289;66
48291;76
48293;57
48295;46
48297;60
48299;41
48301;43
48303;34
48305;40
48307;46
48309;40
48311;22
48313;51
48315;71
48317;44
48319;37
48321;74
48323;113
48325;44
48327;46
48329;44
48331;52
48333;42
48335;72
48337;50
48339;49
48341;30
48343;110
48345;37
48347;47
48349;42
48351;81
48353;49
48355;57
48357;54
48359;30
48361;68
48363;56
48365;74
48367;41
48369;25
48371;59
48373;63
48375;33
48377;107
48379;40
48381;30
48383;66
48385;57
48387;59
48389;56
48391;68
48393;47
48395;50
48397;35
48399;41
48401;58
48403;96
48405;91
48407;63
48409;76
48411;34
48413;57
48415;59
48417;39
48419;60
48421;29
48423;45
48425;47
48427;136
48429;53
48431;42
48433;46
48435;80
48437;43
48439;39
48441;37
48443;41
48445;49
48447;37
48449;62
48451;45
48453;31
48455;63
48457;76
48459;65
48461;54
48463;53
48465;63
48467;43
48469;54
48471;53
48473;57
48475;58
48477;51
48479;49
48481;50
48483;50
48485;44
48487;48
48489;124
48491;33
48493;39
48495;79
48497;48
48499;53
48501;47
48503;44
48505;110
48507;141
49001;50
49003;35
49005;31
49007;59
49009;49
49011;31
49013;89
49015;63
49017;84
49019;58
49021;43
49023;36
49025;38
49027;33
49029;30
49031;60
49033;32
49035;32
49037;80
49039;39
49041;44
49043;31
49045;38
49047;93
49049;30
49051;33
49053;37
49055;77
49057;38
50001;31
50003;38
50005;41
50007;25
50009;59
50011;32
50013;40
50015;43
50017;31
50019;52
50021;39
50023;32
50025;33
50027;29
51001;48
51003;35
51005;51
51007;42
51009;43
51011;46
51013;26
51015;36
51017;37
51019;41
51021;52
51023;36
51025;60
51027;108
51029;53
51031;44
51033;44
51035;51
51036;45
51037;50
51041;38
51043;35
51045;47
51047;38
51049;46
51051;99
51053;48
51057;48
51059;32
51061;34
51063;40
51065;33
51067;43
51069;35
51071;53
51073;37
51075;37
51077;52
51079;32
51081;51
51083;58
51085;35
51087;38
51089;56
51091;32
51093;43
51095;39
51097;42
51099;42
51101;37
51103;56
51105;68
51107;32
51109;38
51111;46
51113;31
51115;40
51117;56
51119;38
51121;40
51125;36
51127;34
51131;57
51133;54
51135;39
51137;40
51139;56
51141;48
51143;47
51145;35
51147;53
51149;48
51153;36
51155;58
51157;35
51159;37
51161;35
51163;44
51165;35
51167;65
51169;48
51171;37
51173;58
51175;39
51177;41
51179;39
51181;53
51183;61
51185;75
51187;40
51191;45
51193;46
51195;85
51197;57
51199;39
51510;29
51520;51
51530;51
51540;33
51550;43
51570;44
51580;58
51590;60
51595;65
51600;30
51610;27
51620;59
51630;47
51640;50
51650;56
51660;47
51670;65
51678;63
51680;52
51683;36
51685;35
51690;71
51700;51
51710;52
51720;68
51730;76
51735;35
51740;61
51750;54
51760;46
51770;43
51775;39
51790;39
51800;47
51810;39
51820;41
51830;56
51840;39
53001;68
53003;51
53005;65
53007;59
53009;79
53011;63
53013;68
53015;75
53017;71
53019;108
53021;76
53023;60
53025;74
53027;87
53029;60
53031;73
53033;39
53035;58
53037;60
53039;71
53041;81
53043;57
53045;78
53047;69
53049;83
53051;91
53053;63
53055;48
53057;68
53059;72
53061;44
53063;63
53065;86
53067;58
53069;90
53071;56
53073;60
53075;51
53077;80
54001;67
54003;38
54005;89
54007;86
54009;69
54011;47
54013;126
54015;102
54017;49
54019;79
54021;82
54023;58
54025;53
54027;42
54029;69
54031;56
54033;58
54035;64
54037;33
54039;54
54041;84
54043;84
54045;101
54047;121
54049;64
54051;79
54053;71
54055;65
54057;59
54059;125
54061;43
54063;45
54065;43
54067;88
54069;55
54071;39
54073;81
54075;66
54077;56
54079;48
54081;69
54083;59
54085;65
54087;101
54089;61
54091;55
54093;53
54095;87
54097;74
54099;65
54101;83
54103;92
54105;87
54107;57
54109;101
55001;62
55003;56
55005;47
55007;71
55009;37
55011;46
55013;62
55015;33
55017;44
55019;40
55021;37
55023;50
55025;29
55027;38
55029;51
55031;55
55033;42
55035;35
55037;62
55039;36
55041;64
55043;41
55045;34
55047;50
55049;36
55051;77
55053;45
55055;40
55057;46
55059;48
55061;38
55063;37
55065;33
55067;53
55069;45
55071;45
55073;37
55075;56
55077;52
55078;78
55079;51
55081;40
55083;46
55085;50
55087;36
55089;35
55091;39
55093;42
55095;47
55097;39
55099;44
55101;51
55103;38
55105;46
55107;53
55109;39
55111;37
55113;65
55115;43
55117;35
55119;43
55121;38
55123;37
55125;58
55127;41
55129;52
55131;35
55133;36
55135;41
55137;52
55139;37
55141;50
56001;32
56003;49
56005;71
56007;46
56009;62
56011;45
56013;71
56015;34
56017;48
56019;53
56021;41
56023;46
56025;71
56027;32
56029;47
56031;48
56033;46
56035;64
56037;60
56039;34
56041;58
56043;47
56045;49
72001;169
72003;140
72005;148
72007;143
72009;150
72011;129
72013;132
72015;184
72017;142
72019;130
72021;89
72023;125
72025;103
72027;124
72029;116
72031;86
72033;100
72035;107
72037;130
72039;162
72041;103
72043;182
72045;137
72047;124
72049;33
72051;80
72053;137
72054;145
72055;182
72057;164
72059;187
72061;60
72063;86
72065;156
72067;123
72069;141
72071;141
72073;131
72075;147
72077;133
72079;185
72081;192
72083;149
72085;136
72087;114
72089;142
72091;116
72093;152
72095;185
72097;137
72099;155
72101;135
72103;124
72105;130
72107;155
72109;206
72111;166
72113;134
72115;160
72117;157
72119;105
72121;159
72123;217
72125;151
72127;79
72129;126
72131;189
72133;168
72135;84
72137;89
72139;72
72141;155
72143;116
72145;139
72147;106
72149;202
72151;169
72153;188
